algo,dist,n,seed,mode,rep,time_ns,comparisons,heap_aux_bytes,fj_stack_bound_bytes,merge_span_elems,ok,small_merge,fj_run_thresh,fj_max,build_id
powersort,dup2,1000000,7,count,0,46374695,5033551,1999848,0,7003652,1,96,0,2048,97869f3
powersort,dup2,1000000,8,count,0,47210658,5033463,2002176,0,7001026,1,96,0,2048,97869f3
powersort,dup2,1000000,9,count,0,45353388,5033056,1998208,0,6999770,1,96,0,2048,97869f3
powersort,dup4,1000000,7,count,0,45462529,5686232,3001768,0,10502817,1,96,0,2048,97869f3
powersort,dup4,1000000,8,count,0,69225507,5683978,2998736,0,10493644,1,96,0,2048,97869f3
powersort,dup4,1000000,9,count,0,49621497,5684664,3000352,0,10498275,1,96,0,2048,97869f3
powersort,dup6,1000000,7,count,0,66634211,6255638,3333592,0,11667068,1,96,0,2048,97869f3
powersort,dup6,1000000,8,count,0,52253684,6255450,3334792,0,11672157,1,96,0,2048,97869f3
powersort,dup6,1000000,9,count,0,58615026,6255967,3334024,0,11665531,1,96,0,2048,97869f3
powersort,dup8,1000000,7,count,0,57239069,6666619,3502648,0,12256187,1,96,0,2048,97869f3
powersort,dup8,1000000,8,count,0,79574854,6667946,3500504,0,12247426,1,96,0,2048,97869f3
powersort,dup8,1000000,9,count,0,73095924,6666104,3500568,0,12249775,1,96,0,2048,97869f3
powersort,dup12,1000000,7,count,0,51648503,7384133,3668760,0,12833325,1,96,0,2048,97869f3
powersort,dup12,1000000,8,count,0,70801177,7384132,3668064,0,12835046,1,96,0,2048,97869f3
powersort,dup12,1000000,9,count,0,73481241,7385806,3667496,0,12831073,1,96,0,2048,97869f3
powersort,dup16,1000000,7,count,0,76525403,7840819,3752136,0,13126612,1,96,0,2048,97869f3
powersort,dup16,1000000,8,count,0,51741510,7838212,3750520,0,13120036,1,96,0,2048,97869f3
powersort,dup16,1000000,9,count,0,79594475,7838641,3753080,0,13125848,1,96,0,2048,97869f3
powersort,dup24,1000000,7,count,0,54737763,8457699,3835872,0,13414474,1,96,0,2048,97869f3
powersort,dup24,1000000,8,count,0,86296208,8454547,3835088,0,13415036,1,96,0,2048,97869f3
powersort,dup24,1000000,9,count,0,58422386,8452646,3834832,0,13411680,1,96,0,2048,97869f3
powersort,dup32,1000000,7,count,0,70046167,8897445,3877064,0,13557481,1,96,0,2048,97869f3
powersort,dup32,1000000,8,count,0,62010812,8896846,3875168,0,13551340,1,96,0,2048,97869f3
powersort,dup32,1000000,9,count,0,82176727,8901982,3878616,0,13559369,1,96,0,2048,97869f3
powersort,dup48,1000000,7,count,0,82887675,9477000,3918480,0,13698833,1,96,0,2048,97869f3
powersort,dup48,1000000,8,count,0,61029995,9480961,3919080,0,13700481,1,96,0,2048,97869f3
powersort,dup48,1000000,9,count,0,79357180,9480036,3918864,0,13699750,1,96,0,2048,97869f3
powersort,dup64,1000000,7,count,0,61783235,9924513,3939600,0,13769580,1,96,0,2048,97869f3
powersort,dup64,1000000,8,count,0,78773735,9926859,3938032,0,13765303,1,96,0,2048,97869f3
powersort,dup64,1000000,9,count,0,79945003,9928282,3940984,0,13771119,1,96,0,2048,97869f3
powersort,dup96,1000000,7,count,0,88461174,10491064,3960224,0,13838025,1,96,0,2048,97869f3
powersort,dup96,1000000,8,count,0,87770798,10485772,3960312,0,13837781,1,96,0,2048,97869f3
powersort,dup96,1000000,9,count,0,88577377,10486523,3961016,0,13838754,1,96,0,2048,97869f3
powersort,dup128,1000000,7,count,0,90780942,10938861,3970736,0,13872319,1,96,0,2048,97869f3
powersort,dup128,1000000,8,count,0,68585610,10940484,3970448,0,13869131,1,96,0,2048,97869f3
powersort,dup128,1000000,9,count,0,72732999,10942941,3971760,0,13873178,1,96,0,2048,97869f3
powersort,dup192,1000000,7,count,0,89529769,11484350,3981120,0,13905433,1,96,0,2048,97869f3
powersort,dup192,1000000,8,count,0,90203074,11491847,3980872,0,13904426,1,96,0,2048,97869f3
powersort,dup192,1000000,9,count,0,92776819,11485918,3981248,0,13905446,1,96,0,2048,97869f3
powersort,dup256,1000000,7,count,0,77139958,11946147,3986392,0,13921715,1,96,0,2048,97869f3
powersort,dup256,1000000,8,count,0,67130906,11945494,3986024,0,13919981,1,96,0,2048,97869f3
powersort,dup256,1000000,9,count,0,92850197,11939207,3987008,0,13923076,1,96,0,2048,97869f3
powersort,dup384,1000000,7,count,0,77315117,12484969,3991648,0,13937728,1,96,0,2048,97869f3
powersort,dup384,1000000,8,count,0,92112551,12481524,3991392,0,13936966,1,96,0,2048,97869f3
powersort,dup384,1000000,9,count,0,70142155,12484485,3991856,0,13937840,1,96,0,2048,97869f3
powersort,dup512,1000000,7,count,0,95602467,12934273,3994392,0,13945689,1,96,0,2048,97869f3
powersort,dup512,1000000,8,count,0,99899283,12939271,3993856,0,13944922,1,96,0,2048,97869f3
powersort,dup512,1000000,9,count,0,104789802,12934927,3994320,0,13946272,1,96,0,2048,97869f3
powersort,dup768,1000000,7,count,0,78838233,13463776,3996968,0,13953825,1,96,0,2048,97869f3
powersort,dup768,1000000,8,count,0,77800760,13461680,3996584,0,13953260,1,96,0,2048,97869f3
powersort,dup768,1000000,9,count,0,77465503,13470018,3997000,0,13953960,1,96,0,2048,97869f3
powersort,dup1024,1000000,7,count,0,111176185,13925744,3998256,0,13957264,1,96,0,2048,97869f3
powersort,dup1024,1000000,8,count,0,113880959,13919225,3998120,0,13956707,1,96,0,2048,97869f3
powersort,dup1024,1000000,9,count,0,82209501,13917345,3998216,0,13957602,1,96,0,2048,97869f3
powersort_fj,dup2,1000000,7,count,0,43256210,4978818,1999848,6204,7003652,1,96,0,2048,97869f3
powersort_fj,dup2,1000000,8,count,0,43232716,4978949,2002176,6204,7001026,1,96,0,2048,97869f3
powersort_fj,dup2,1000000,9,count,0,47725867,4978388,1998208,6204,6999770,1,96,0,2048,97869f3
powersort_fj,dup4,1000000,7,count,0,77417535,5644252,3001768,6204,10502817,1,96,0,2048,97869f3
powersort_fj,dup4,1000000,8,count,0,62831334,5642206,2998736,6204,10493644,1,96,0,2048,97869f3
powersort_fj,dup4,1000000,9,count,0,53802430,5643326,3000352,6204,10498275,1,96,0,2048,97869f3
powersort_fj,dup6,1000000,7,count,0,77782602,6217549,3333592,6204,11667068,1,96,0,2048,97869f3
powersort_fj,dup6,1000000,8,count,0,76328959,6217003,3334792,6204,11672157,1,96,0,2048,97869f3
powersort_fj,dup6,1000000,9,count,0,50585954,6217725,3334024,6204,11665531,1,96,0,2048,97869f3
powersort_fj,dup8,1000000,7,count,0,54039401,6633497,3502648,6204,12256187,1,96,0,2048,97869f3
powersort_fj,dup8,1000000,8,count,0,69610918,6635139,3500504,6204,12247426,1,96,0,2048,97869f3
powersort_fj,dup8,1000000,9,count,0,56981519,6633154,3500568,6204,12249775,1,96,0,2048,97869f3
powersort_fj,dup12,1000000,7,count,0,94694422,7355336,3668760,6204,12833325,1,96,0,2048,97869f3
powersort_fj,dup12,1000000,8,count,0,60298371,7354084,3668064,6204,12835046,1,96,0,2048,97869f3
powersort_fj,dup12,1000000,9,count,0,85945855,7356747,3667496,6204,12831073,1,96,0,2048,97869f3
powersort_fj,dup16,1000000,7,count,0,95039176,7812874,3752136,6204,13126612,1,96,0,2048,97869f3
powersort_fj,dup16,1000000,8,count,0,91894197,7811623,3750520,6204,13120036,1,96,0,2048,97869f3
powersort_fj,dup16,1000000,9,count,0,63102583,7811209,3753080,6204,13125848,1,96,0,2048,97869f3
powersort_fj,dup24,1000000,7,count,0,91515654,8433502,3835872,6204,13414474,1,96,0,2048,97869f3
powersort_fj,dup24,1000000,8,count,0,91832379,8429809,3835088,6204,13415036,1,96,0,2048,97869f3
powersort_fj,dup24,1000000,9,count,0,85462314,8427490,3834832,6204,13411680,1,96,0,2048,97869f3
powersort_fj,dup32,1000000,7,count,0,88024311,8873536,3877064,6204,13557481,1,96,0,2048,97869f3
powersort_fj,dup32,1000000,8,count,0,92681254,8872900,3875168,6204,13551340,1,96,0,2048,97869f3
powersort_fj,dup32,1000000,9,count,0,88408615,8877853,3878616,6204,13559369,1,96,0,2048,97869f3
powersort_fj,dup48,1000000,7,count,0,68250167,9455060,3918480,6204,13698833,1,96,0,2048,97869f3
powersort_fj,dup48,1000000,8,count,0,70609755,9457846,3919080,6204,13700481,1,96,0,2048,97869f3
powersort_fj,dup48,1000000,9,count,0,99002555,9457476,3918864,6204,13699750,1,96,0,2048,97869f3
powersort_fj,dup64,1000000,7,count,0,69474805,9903180,3939600,6204,13769580,1,96,0,2048,97869f3
powersort_fj,dup64,1000000,8,count,0,80352420,9905216,3938032,6204,13765303,1,96,0,2048,97869f3
powersort_fj,dup64,1000000,9,count,0,97770103,9905927,3940984,6204,13771119,1,96,0,2048,97869f3
powersort_fj,dup96,1000000,7,count,0,97138582,10470456,3960224,6204,13838025,1,96,0,2048,97869f3
powersort_fj,dup96,1000000,8,count,0,84766030,10464779,3960312,6204,13837781,1,96,0,2048,97869f3
powersort_fj,dup96,1000000,9,count,0,88248376,10465646,3961016,6204,13838754,1,96,0,2048,97869f3
powersort_fj,dup128,1000000,7,count,0,80701962,10918923,3970736,6204,13872319,1,96,0,2048,97869f3
powersort_fj,dup128,1000000,8,count,0,112132528,10920014,3970448,6204,13869131,1,96,0,2048,97869f3
powersort_fj,dup128,1000000,9,count,0,111310183,10922320,3971760,6204,13873178,1,96,0,2048,97869f3
powersort_fj,dup192,1000000,7,count,0,121512814,11464591,3981120,6204,13905433,1,96,0,2048,97869f3
powersort_fj,dup192,1000000,8,count,0,108685539,11472093,3980872,6204,13904426,1,96,0,2048,97869f3
powersort_fj,dup192,1000000,9,count,0,122709627,11465874,3981248,6204,13905446,1,96,0,2048,97869f3
powersort_fj,dup256,1000000,7,count,0,119940791,11926044,3986392,6204,13921715,1,96,0,2048,97869f3
powersort_fj,dup256,1000000,8,count,0,88574263,11924437,3986024,6204,13919981,1,96,0,2048,97869f3
powersort_fj,dup256,1000000,9,count,0,94025341,11918951,3987008,6204,13923076,1,96,0,2048,97869f3
powersort_fj,dup384,1000000,7,count,0,114765682,12464995,3991648,6204,13937728,1,96,0,2048,97869f3
powersort_fj,dup384,1000000,8,count,0,110781928,12461970,3991392,6204,13936966,1,96,0,2048,97869f3
powersort_fj,dup384,1000000,9,count,0,106610781,12464681,3991856,6204,13937840,1,96,0,2048,97869f3
powersort_fj,dup512,1000000,7,count,0,110029851,12914813,3994392,6204,13945689,1,96,0,2048,97869f3
powersort_fj,dup512,1000000,8,count,0,119443114,12919594,3993856,6204,13944922,1,96,0,2048,97869f3
powersort_fj,dup512,1000000,9,count,0,84868149,12915259,3994320,6204,13946272,1,96,0,2048,97869f3
powersort_fj,dup768,1000000,7,count,0,105586553,13444114,3996968,6204,13953825,1,96,0,2048,97869f3
powersort_fj,dup768,1000000,8,count,0,108759889,13442497,3996584,6204,13953260,1,96,0,2048,97869f3
powersort_fj,dup768,1000000,9,count,0,91811595,13450670,3997000,6204,13953960,1,96,0,2048,97869f3
powersort_fj,dup1024,1000000,7,count,0,94908419,13905703,3998256,6204,13957264,1,96,0,2048,97869f3
powersort_fj,dup1024,1000000,8,count,0,113843169,13899774,3998120,6204,13956707,1,96,0,2048,97869f3
powersort_fj,dup1024,1000000,9,count,0,115504290,13897241,3998216,6204,13957602,1,96,0,2048,97869f3
hybrid_fjauto2048,dup2,1000000,7,count,0,102516978,8984751,1999848,273272,4501967,1,96,0,2048,97869f3
hybrid_fjauto2048,dup2,1000000,8,count,0,105945092,8983839,2002176,273272,4500880,1,96,0,2048,97869f3
hybrid_fjauto2048,dup2,1000000,9,count,0,106262467,8986341,1998208,273272,4499129,1,96,0,2048,97869f3
hybrid_fjauto2048,dup4,1000000,7,count,0,196129069,9239374,3001768,273272,6751328,1,96,0,2048,97869f3
hybrid_fjauto2048,dup4,1000000,8,count,0,178589399,9238545,2998736,273272,6745562,1,96,0,2048,97869f3
hybrid_fjauto2048,dup4,1000000,9,count,0,193981675,9240461,3000352,273272,6749104,1,96,0,2048,97869f3
hybrid_fjauto2048,dup6,1000000,7,count,0,205313950,9377717,3333592,273272,7499473,1,96,0,2048,97869f3
hybrid_fjauto2048,dup6,1000000,8,count,0,193630510,9376999,3334792,273272,7503926,1,96,0,2048,97869f3
hybrid_fjauto2048,dup6,1000000,9,count,0,136771777,9376849,3334024,273272,7498582,1,96,0,2048,97869f3
hybrid_fjauto2048,dup8,1000000,7,count,0,208638875,9461060,3502648,273272,7878535,1,96,0,2048,97869f3
hybrid_fjauto2048,dup8,1000000,8,count,0,158416993,9459508,3500504,273272,7872911,1,96,0,2048,97869f3
hybrid_fjauto2048,dup8,1000000,9,count,0,197259495,9460202,3500568,273272,7874785,1,96,0,2048,97869f3
hybrid_fjauto2048,dup12,1000000,7,count,0,137404538,9591746,3668760,273272,8249600,1,96,0,2048,97869f3
hybrid_fjauto2048,dup12,1000000,8,count,0,209294800,9591421,3668064,273272,8251692,1,96,0,2048,97869f3
hybrid_fjauto2048,dup12,1000000,9,count,0,207533345,9592350,3667496,273272,8248518,1,96,0,2048,97869f3
hybrid_fjauto2048,dup16,1000000,7,count,0,139618473,9672309,3752136,273272,8438893,1,96,0,2048,97869f3
hybrid_fjauto2048,dup16,1000000,8,count,0,218308172,9672090,3750520,273272,8434577,1,96,0,2048,97869f3
hybrid_fjauto2048,dup16,1000000,9,count,0,143016352,9672467,3753080,273272,8438981,1,96,0,2048,97869f3
hybrid_fjauto2048,dup24,1000000,7,count,0,205356459,9830190,3835872,273272,8625282,1,96,0,2048,97869f3
hybrid_fjauto2048,dup24,1000000,8,count,0,148747021,9829549,3835088,273272,8626451,1,96,0,2048,97869f3
hybrid_fjauto2048,dup24,1000000,9,count,0,143612152,9829785,3834832,273272,8623717,1,96,0,2048,97869f3
hybrid_fjauto2048,dup32,1000000,7,count,0,227726568,9931554,3877064,273272,8718754,1,96,0,2048,97869f3
hybrid_fjauto2048,dup32,1000000,8,count,0,227139702,9931536,3875168,273272,8715034,1,96,0,2048,97869f3
hybrid_fjauto2048,dup32,1000000,9,count,0,228140737,9930874,3878616,273272,8720423,1,96,0,2048,97869f3
hybrid_fjauto2048,dup48,1000000,7,count,0,229809921,10155534,3918480,273272,8812049,1,96,0,2048,97869f3
hybrid_fjauto2048,dup48,1000000,8,count,0,188192194,10155021,3919080,273272,8813685,1,96,0,2048,97869f3
hybrid_fjauto2048,dup48,1000000,9,count,0,189124373,10155337,3918864,273272,8813180,1,96,0,2048,97869f3
hybrid_fjauto2048,dup64,1000000,7,count,0,151019793,10308206,3939600,273272,8859630,1,96,0,2048,97869f3
hybrid_fjauto2048,dup64,1000000,8,count,0,149946164,10308471,3938032,273272,8856880,1,96,0,2048,97869f3
hybrid_fjauto2048,dup64,1000000,9,count,0,229897874,10308512,3940984,273272,8861063,1,96,0,2048,97869f3
hybrid_fjauto2048,dup96,1000000,7,count,0,221472913,10645290,3960224,273272,8906012,1,96,0,2048,97869f3
hybrid_fjauto2048,dup96,1000000,8,count,0,207683481,10644856,3960312,273272,8905958,1,96,0,2048,97869f3
hybrid_fjauto2048,dup96,1000000,9,count,0,230073111,10645032,3961016,273272,8907029,1,96,0,2048,97869f3
hybrid_fjauto2048,dup128,1000000,7,count,0,233345082,10887949,3970736,273272,8929841,1,96,0,2048,97869f3
hybrid_fjauto2048,dup128,1000000,8,count,0,170972607,10886885,3970448,273272,8928031,1,96,0,2048,97869f3
hybrid_fjauto2048,dup128,1000000,9,count,0,220942102,10887725,3971760,273272,8930521,1,96,0,2048,97869f3
hybrid_fjauto2048,dup192,1000000,7,count,0,219138581,11378121,3981120,273272,8953191,1,96,0,2048,97869f3
hybrid_fjauto2048,dup192,1000000,8,count,0,233579986,11378270,3980872,273272,8952288,1,96,0,2048,97869f3
hybrid_fjauto2048,dup192,1000000,9,count,0,149190511,11377798,3981248,273272,8953478,1,96,0,2048,97869f3
hybrid_fjauto2048,dup256,1000000,7,count,0,151244266,11783129,3986392,273272,8964658,1,96,0,2048,97869f3
hybrid_fjauto2048,dup256,1000000,8,count,0,155462226,11780202,3986024,273272,8963951,1,96,0,2048,97869f3
hybrid_fjauto2048,dup256,1000000,9,count,0,154137363,11777041,3987008,273272,8965517,1,96,0,2048,97869f3
hybrid_fjauto2048,dup384,1000000,7,count,0,156655220,12390908,3991648,273272,8976291,1,96,0,2048,97869f3
hybrid_fjauto2048,dup384,1000000,8,count,0,242543356,12391576,3991392,273272,8975876,1,96,0,2048,97869f3
hybrid_fjauto2048,dup384,1000000,9,count,0,240575644,12388402,3991856,273272,8976664,1,96,0,2048,97869f3
hybrid_fjauto2048,dup512,1000000,7,count,0,159989081,12840444,3994392,273272,8982194,1,96,0,2048,97869f3
hybrid_fjauto2048,dup512,1000000,8,count,0,239388042,12833826,3993856,273272,8981641,1,96,0,2048,97869f3
hybrid_fjauto2048,dup512,1000000,9,count,0,240039406,12833283,3994320,273272,8982390,1,96,0,2048,97869f3
hybrid_fjauto2048,dup768,1000000,7,count,0,253664743,13376638,3996968,273272,8988084,1,96,0,2048,97869f3
hybrid_fjauto2048,dup768,1000000,8,count,0,252631181,13384006,3996584,273272,8987758,1,96,0,2048,97869f3
hybrid_fjauto2048,dup768,1000000,9,count,0,235600043,13381125,3997000,273272,8988420,1,96,0,2048,97869f3
hybrid_fjauto2048,dup1024,1000000,7,count,0,218574650,13827644,3998256,273272,8990850,1,96,0,2048,97869f3
hybrid_fjauto2048,dup1024,1000000,8,count,0,158338994,13826721,3998120,273272,8990786,1,96,0,2048,97869f3
hybrid_fjauto2048,dup1024,1000000,9,count,0,168887313,13831328,3998216,273272,8991095,1,96,0,2048,97869f3
hybrid_gate,dup2,1000000,7,count,0,27955136,4982238,1999848,6204,7003652,1,96,0,2048,97869f3
hybrid_gate,dup2,1000000,8,count,0,30404710,4982372,2002176,6204,7001026,1,96,0,2048,97869f3
hybrid_gate,dup2,1000000,9,count,0,30902093,4981828,1998208,6204,6999770,1,96,0,2048,97869f3
hybrid_gate,dup4,1000000,7,count,0,44639198,5647443,3001768,6204,10502817,1,96,0,2048,97869f3
hybrid_gate,dup4,1000000,8,count,0,51567608,5645368,2998736,6204,10493644,1,96,0,2048,97869f3
hybrid_gate,dup4,1000000,9,count,0,63281463,5646506,3000352,6204,10498275,1,96,0,2048,97869f3
hybrid_gate,dup6,1000000,7,count,0,90329418,6220625,3333592,6204,11667068,1,96,0,2048,97869f3
hybrid_gate,dup6,1000000,8,count,0,87457192,6220156,3334792,6204,11672157,1,96,0,2048,97869f3
hybrid_gate,dup6,1000000,9,count,0,76769104,6220840,3334024,6204,11665531,1,96,0,2048,97869f3
hybrid_gate,dup8,1000000,7,count,0,56390490,6636551,3502648,6204,12256187,1,96,0,2048,97869f3
hybrid_gate,dup8,1000000,8,count,0,85692945,6638201,3500504,6204,12247426,1,96,0,2048,97869f3
hybrid_gate,dup8,1000000,9,count,0,74529450,6636194,3500568,6204,12249775,1,96,0,2048,97869f3
hybrid_gate,dup12,1000000,7,count,0,59735334,7358328,3668760,6204,12833325,1,96,0,2048,97869f3
hybrid_gate,dup12,1000000,8,count,0,61542674,7357133,3668064,6204,12835046,1,96,0,2048,97869f3
hybrid_gate,dup12,1000000,9,count,0,90932955,7359731,3667496,6204,12831073,1,96,0,2048,97869f3
hybrid_gate,dup16,1000000,7,count,0,70936184,7815884,3752136,6204,13126612,1,96,0,2048,97869f3
hybrid_gate,dup16,1000000,8,count,0,88048588,7814618,3750520,6204,13120036,1,96,0,2048,97869f3
hybrid_gate,dup16,1000000,9,count,0,64934452,7814212,3753080,6204,13125848,1,96,0,2048,97869f3
hybrid_gate,dup24,1000000,7,count,0,92442351,8436468,3835872,6204,13414474,1,96,0,2048,97869f3
hybrid_gate,dup24,1000000,8,count,0,92725964,8432813,3835088,6204,13415036,1,96,0,2048,97869f3
hybrid_gate,dup24,1000000,9,count,0,89203227,8430454,3834832,6204,13411680,1,96,0,2048,97869f3
hybrid_gate,dup32,1000000,7,count,0,94170778,8876488,3877064,6204,13557481,1,96,0,2048,97869f3
hybrid_gate,dup32,1000000,8,count,0,69978061,8875877,3875168,6204,13551340,1,96,0,2048,97869f3
hybrid_gate,dup32,1000000,9,count,0,90888302,8880806,3878616,6204,13559369,1,96,0,2048,97869f3
hybrid_gate,dup48,1000000,7,count,0,66280860,9457977,3918480,6204,13698833,1,96,0,2048,97869f3
hybrid_gate,dup48,1000000,8,count,0,91755859,9460837,3919080,6204,13700481,1,96,0,2048,97869f3
hybrid_gate,dup48,1000000,9,count,0,88477534,9460422,3918864,6204,13699750,1,96,0,2048,97869f3
hybrid_gate,dup64,1000000,7,count,0,93457314,9906124,3939600,6204,13769580,1,96,0,2048,97869f3
hybrid_gate,dup64,1000000,8,count,0,86264096,9908190,3938032,6204,13765303,1,96,0,2048,97869f3
hybrid_gate,dup64,1000000,9,count,0,68540784,9908884,3940984,6204,13771119,1,96,0,2048,97869f3
hybrid_gate,dup96,1000000,7,count,0,151813950,10651135,3960224,273272,8906012,1,96,0,2048,97869f3
hybrid_gate,dup96,1000000,8,count,0,147104594,10650732,3960312,273272,8905958,1,96,0,2048,97869f3
hybrid_gate,dup96,1000000,9,count,0,93430882,10468585,3961016,6204,13838754,1,96,0,2048,97869f3
hybrid_gate,dup128,1000000,7,count,0,96185683,10921846,3970736,6204,13872319,1,96,0,2048,97869f3
hybrid_gate,dup128,1000000,8,count,0,233803214,10892773,3970448,273272,8928031,1,96,0,2048,97869f3
hybrid_gate,dup128,1000000,9,count,0,233518070,10893578,3971760,273272,8930521,1,96,0,2048,97869f3
hybrid_gate,dup192,1000000,7,count,0,222251295,11383972,3981120,273272,8953191,1,96,0,2048,97869f3
hybrid_gate,dup192,1000000,8,count,0,154031562,11384146,3980872,273272,8952288,1,96,0,2048,97869f3
hybrid_gate,dup192,1000000,9,count,0,152706931,11383657,3981248,273272,8953478,1,96,0,2048,97869f3
hybrid_gate,dup256,1000000,7,count,0,192315296,11788988,3986392,273272,8964658,1,96,0,2048,97869f3
hybrid_gate,dup256,1000000,8,count,0,236140608,11786106,3986024,273272,8963951,1,96,0,2048,97869f3
hybrid_gate,dup256,1000000,9,count,0,234577537,11782889,3987008,273272,8965517,1,96,0,2048,97869f3
hybrid_gate,dup384,1000000,7,count,0,177118826,12396707,3991648,273272,8976291,1,96,0,2048,97869f3
hybrid_gate,dup384,1000000,8,count,0,179494061,12397460,3991392,273272,8975876,1,96,0,2048,97869f3
hybrid_gate,dup384,1000000,9,count,0,152939633,12394213,3991856,273272,8976664,1,96,0,2048,97869f3
hybrid_gate,dup512,1000000,7,count,0,154446647,12846338,3994392,273272,8982194,1,96,0,2048,97869f3
hybrid_gate,dup512,1000000,8,count,0,164136575,12839720,3993856,273272,8981641,1,96,0,2048,97869f3
hybrid_gate,dup512,1000000,9,count,0,158724598,12839136,3994320,273272,8982390,1,96,0,2048,97869f3
hybrid_gate,dup768,1000000,7,count,0,152617153,13382469,3996968,273272,8988084,1,96,0,2048,97869f3
hybrid_gate,dup768,1000000,8,count,0,149132634,13389863,3996584,273272,8987758,1,96,0,2048,97869f3
hybrid_gate,dup768,1000000,9,count,0,201734257,13386963,3997000,273272,8988420,1,96,0,2048,97869f3
hybrid_gate,dup1024,1000000,7,count,0,151720264,13833508,3998256,273272,8990850,1,96,0,2048,97869f3
hybrid_gate,dup1024,1000000,8,count,0,182170186,13832604,3998120,273272,8990786,1,96,0,2048,97869f3
hybrid_gate,dup1024,1000000,9,count,0,150788327,13837203,3998216,273272,8991095,1,96,0,2048,97869f3
